{
    "Anderlecht": [
        50.8390983,
        4.3296526
    ],
    "Antwerp": [
        51.2211097,
        4.3997081
    ],
    "Bruges": [
        51.2085526,
        3.226772
    ],
    "Brussels": [
        50.8465573,
        4.351697
    ],
    "Charleroi": [
        50.4116233,
        4.444528
    ],
    "Ghent": [
        51.0538286,
        3.7250121
    ],
    "Leuven": [
        50.879202,
        4.7011675
    ],
    "Li\u00e8ge": [
        50.6450944,
        5.5736112
    ],
    "Molenbeek-Saint-Jean": [
        50.8545959,
        4.338636
    ],
    "Mons": [
        50.4549568,
        3.951958
    ],
    "Namur": [
        50.4665284,
        4.8661892
    ],
    "Schaarbeek": [
        50.8676041,
        4.3737121
    ]
}